uniqueId,firstName,lastName,role,school,age,intro
0,ECfirst0,EClast0,EC,ECschool0,20,Insert some amazingly interesting introduction here blahblahblah.
1,ECfirst1,EClast1,EC,ECschool1,20,Insert some amazingly interesting introduction here blahblahblah.
2,ECfirst2,EClast2,EC,ECschool2,20,Insert some amazingly interesting introduction here blahblahblah.
3,ECfirst3,EClast3,EC,ECschool3,20,Insert some amazingly interesting introduction here blahblahblah.
4,ECfirst4,EClast4,EC,ECschool4,20,Insert some amazingly interesting introduction here blahblahblah.
5,ECfirst5,EClast5,EC,ECschool5,20,Insert some amazingly interesting introduction here blahblahblah.
6,ECfirst6,EClast6,EC,ECschool6,20,Insert some amazingly interesting introduction here blahblahblah.
7,ECfirst7,EClast7,EC,ECschool7,20,Insert some amazingly interesting introduction here blahblahblah.
8,ECfirst8,EClast8,EC,ECschool8,20,Insert some amazingly interesting introduction here blahblahblah.
9,ECfirst9,EClast9,EC,ECschool9,20,Insert some amazingly interesting introduction here blahblahblah.
10,ECfirst10,EClast10,EC,ECschool10,20,Insert some amazingly interesting introduction here blahblahblah.
11,ECfirst11,EClast11,EC,ECschool11,20,Insert some amazingly interesting introduction here blahblahblah.
12,ECfirst12,EClast12,EC,ECschool12,20,Insert some amazingly interesting introduction here blahblahblah.
13,ECfirst13,EClast13,EC,ECschool13,20,Insert some amazingly interesting introduction here blahblahblah.
14,ECfirst14,EClast14,EC,ECschool14,20,Insert some amazingly interesting introduction here blahblahblah.
15,ECfirst15,EClast15,EC,ECschool15,20,Insert some amazingly interesting introduction here blahblahblah.
16,ECfirst16,EClast16,EC,ECschool16,20,Insert some amazingly interesting introduction here blahblahblah.
17,ECfirst17,EClast17,EC,ECschool17,20,Insert some amazingly interesting introduction here blahblahblah.
18,ECfirst18,EClast18,EC,ECschool18,20,Insert some amazingly interesting introduction here blahblahblah.
19,ECfirst19,EClast19,EC,ECschool19,20,Insert some amazingly interesting introduction here blahblahblah.
20,ECfirst20,EClast20,EC,ECschool20,20,Insert some amazingly interesting introduction here blahblahblah.
21,ECfirst21,EClast21,EC,ECschool21,20,Insert some amazingly interesting introduction here blahblahblah.
22,ECfirst22,EClast22,EC,ECschool22,20,Insert some amazingly interesting introduction here blahblahblah.
23,ECfirst23,EClast23,EC,ECschool23,20,Insert some amazingly interesting introduction here blahblahblah.
24,ECfirst24,EClast24,EC,ECschool24,20,Insert some amazingly interesting introduction here blahblahblah.
25,ECfirst25,EClast25,EC,ECschool25,20,Insert some amazingly interesting introduction here blahblahblah.
26,ECfirst26,EClast26,EC,ECschool26,20,Insert some amazingly interesting introduction here blahblahblah.
27,ECfirst27,EClast27,EC,ECschool27,20,Insert some amazingly interesting introduction here blahblahblah.
28,ECfirst28,EClast28,EC,ECschool28,20,Insert some amazingly interesting introduction here blahblahblah.
29,ECfirst29,EClast29,EC,ECschool29,20,Insert some amazingly interesting introduction here blahblahblah.
30,ECfirst30,EClast30,EC,ECschool30,20,Insert some amazingly interesting introduction here blahblahblah.
31,ECfirst31,EClast31,EC,ECschool31,20,Insert some amazingly interesting introduction here blahblahblah.
32,ECfirst32,EClast32,EC,ECschool32,20,Insert some amazingly interesting introduction here blahblahblah.
33,ECfirst33,EClast33,EC,ECschool33,20,Insert some amazingly interesting introduction here blahblahblah.
34,ECfirst34,EClast34,EC,ECschool34,20,Insert some amazingly interesting introduction here blahblahblah.
35,ECfirst35,EClast35,EC,ECschool35,20,Insert some amazingly interesting introduction here blahblahblah.
36,ECfirst36,EClast36,EC,ECschool36,20,Insert some amazingly interesting introduction here blahblahblah.
37,ECfirst37,EClast37,EC,ECschool37,20,Insert some amazingly interesting introduction here blahblahblah.
38,ECfirst38,EClast38,EC,ECschool38,20,Insert some amazingly interesting introduction here blahblahblah.
39,ECfirst39,EClast39,EC,ECschool39,20,Insert some amazingly interesting introduction here blahblahblah.
40,CMfirst40,CMlast40,CM,CMschool40,20,Another interesting introduction here blahblah
41,CMfirst41,CMlast41,CM,CMschool41,20,Another interesting introduction here blahblah
42,CMfirst42,CMlast42,CM,CMschool42,20,Another interesting introduction here blahblah
43,CMfirst43,CMlast43,CM,CMschool43,20,Another interesting introduction here blahblah
44,CMfirst44,CMlast44,CM,CMschool44,20,Another interesting introduction here blahblah
45,CMfirst45,CMlast45,CM,CMschool45,20,Another interesting introduction here blahblah
46,CMfirst46,CMlast46,CM,CMschool46,20,Another interesting introduction here blahblah
47,CMfirst47,CMlast47,CM,CMschool47,20,Another interesting introduction here blahblah
48,CMfirst48,CMlast48,CM,CMschool48,20,Another interesting introduction here blahblah
49,CMfirst49,CMlast49,CM,CMschool49,20,Another interesting introduction here blahblah
50,CMfirst50,CMlast50,CM,CMschool50,20,Another interesting introduction here blahblah
51,CMfirst51,CMlast51,CM,CMschool51,20,Another interesting introduction here blahblah
52,CMfirst52,CMlast52,CM,CMschool52,20,Another interesting introduction here blahblah
53,CMfirst53,CMlast53,CM,CMschool53,20,Another interesting introduction here blahblah
54,CMfirst54,CMlast54,CM,CMschool54,20,Another interesting introduction here blahblah
55,CMfirst55,CMlast55,CM,CMschool55,20,Another interesting introduction here blahblah
56,CMfirst56,CMlast56,CM,CMschool56,20,Another interesting introduction here blahblah
57,CMfirst57,CMlast57,CM,CMschool57,20,Another interesting introduction here blahblah
58,CMfirst58,CMlast58,CM,CMschool58,20,Another interesting introduction here blahblah
59,CMfirst59,CMlast59,CM,CMschool59,20,Another interesting introduction here blahblah
60,HSfirst60,HSlast60,HS,HSschool60,17,High school students so excited to be at HLAB blahblah
61,HSfirst61,HSlast61,HS,HSschool61,17,High school students so excited to be at HLAB blahblah
62,HSfirst62,HSlast62,HS,HSschool62,17,High school students so excited to be at HLAB blahblah
63,HSfirst63,HSlast63,HS,HSschool63,17,High school students so excited to be at HLAB blahblah
64,HSfirst64,HSlast64,HS,HSschool64,17,High school students so excited to be at HLAB blahblah
65,HSfirst65,HSlast65,HS,HSschool65,17,High school students so excited to be at HLAB blahblah
66,HSfirst66,HSlast66,HS,HSschool66,17,High school students so excited to be at HLAB blahblah
67,HSfirst67,HSlast67,HS,HSschool67,17,High school students so excited to be at HLAB blahblah
68,HSfirst68,HSlast68,HS,HSschool68,17,High school students so excited to be at HLAB blahblah
69,HSfirst69,HSlast69,HS,HSschool69,17,High school students so excited to be at HLAB blahblah
70,HSfirst70,HSlast70,HS,HSschool70,17,High school students so excited to be at HLAB blahblah
71,HSfirst71,HSlast71,HS,HSschool71,17,High school students so excited to be at HLAB blahblah
72,HSfirst72,HSlast72,HS,HSschool72,17,High school students so excited to be at HLAB blahblah
73,HSfirst73,HSlast73,HS,HSschool73,17,High school students so excited to be at HLAB blahblah
74,HSfirst74,HSlast74,HS,HSschool74,17,High school students so excited to be at HLAB blahblah
75,HSfirst75,HSlast75,HS,HSschool75,17,High school students so excited to be at HLAB blahblah
76,HSfirst76,HSlast76,HS,HSschool76,17,High school students so excited to be at HLAB blahblah
77,HSfirst77,HSlast77,HS,HSschool77,17,High school students so excited to be at HLAB blahblah
78,HSfirst78,HSlast78,HS,HSschool78,17,High school students so excited to be at HLAB blahblah
79,HSfirst79,HSlast79,HS,HSschool79,17,High school students so excited to be at HLAB blahblah
80,HSfirst80,HSlast80,HS,HSschool80,17,High school students so excited to be at HLAB blahblah
81,HSfirst81,HSlast81,HS,HSschool81,17,High school students so excited to be at HLAB blahblah
82,HSfirst82,HSlast82,HS,HSschool82,17,High school students so excited to be at HLAB blahblah
83,HSfirst83,HSlast83,HS,HSschool83,17,High school students so excited to be at HLAB blahblah
84,HSfirst84,HSlast84,HS,HSschool84,17,High school students so excited to be at HLAB blahblah
85,HSfirst85,HSlast85,HS,HSschool85,17,High school students so excited to be at HLAB blahblah
86,HSfirst86,HSlast86,HS,HSschool86,17,High school students so excited to be at HLAB blahblah
87,HSfirst87,HSlast87,HS,HSschool87,17,High school students so excited to be at HLAB blahblah
88,HSfirst88,HSlast88,HS,HSschool88,17,High school students so excited to be at HLAB blahblah
89,HSfirst89,HSlast89,HS,HSschool89,17,High school students so excited to be at HLAB blahblah
90,HSfirst90,HSlast90,HS,HSschool90,17,High school students so excited to be at HLAB blahblah
91,HSfirst91,HSlast91,HS,HSschool91,17,High school students so excited to be at HLAB blahblah
92,HSfirst92,HSlast92,HS,HSschool92,17,High school students so excited to be at HLAB blahblah
93,HSfirst93,HSlast93,HS,HSschool93,17,High school students so excited to be at HLAB blahblah
94,HSfirst94,HSlast94,HS,HSschool94,17,High school students so excited to be at HLAB blahblah
95,HSfirst95,HSlast95,HS,HSschool95,17,High school students so excited to be at HLAB blahblah
96,HSfirst96,HSlast96,HS,HSschool96,17,High school students so excited to be at HLAB blahblah
97,HSfirst97,HSlast97,HS,HSschool97,17,High school students so excited to be at HLAB blahblah
98,HSfirst98,HSlast98,HS,HSschool98,17,High school students so excited to be at HLAB blahblah
99,HSfirst99,HSlast99,HS,HSschool99,17,High school students so excited to be at HLAB blahblah
100,HSfirst100,HSlast100,HS,HSschool100,17,High school students so excited to be at HLAB blahblah
101,HSfirst101,HSlast101,HS,HSschool101,17,High school students so excited to be at HLAB blahblah
102,HSfirst102,HSlast102,HS,HSschool102,17,High school students so excited to be at HLAB blahblah
103,HSfirst103,HSlast103,HS,HSschool103,17,High school students so excited to be at HLAB blahblah
104,HSfirst104,HSlast104,HS,HSschool104,17,High school students so excited to be at HLAB blahblah
105,HSfirst105,HSlast105,HS,HSschool105,17,High school students so excited to be at HLAB blahblah
106,HSfirst106,HSlast106,HS,HSschool106,17,High school students so excited to be at HLAB blahblah
107,HSfirst107,HSlast107,HS,HSschool107,17,High school students so excited to be at HLAB blahblah
108,HSfirst108,HSlast108,HS,HSschool108,17,High school students so excited to be at HLAB blahblah
109,HSfirst109,HSlast109,HS,HSschool109,17,High school students so excited to be at HLAB blahblah
110,HSfirst110,HSlast110,HS,HSschool110,17,High school students so excited to be at HLAB blahblah
111,HSfirst111,HSlast111,HS,HSschool111,17,High school students so excited to be at HLAB blahblah
112,HSfirst112,HSlast112,HS,HSschool112,17,High school students so excited to be at HLAB blahblah
113,HSfirst113,HSlast113,HS,HSschool113,17,High school students so excited to be at HLAB blahblah
114,HSfirst114,HSlast114,HS,HSschool114,17,High school students so excited to be at HLAB blahblah
115,HSfirst115,HSlast115,HS,HSschool115,17,High school students so excited to be at HLAB blahblah
116,HSfirst116,HSlast116,HS,HSschool116,17,High school students so excited to be at HLAB blahblah
117,HSfirst117,HSlast117,HS,HSschool117,17,High school students so excited to be at HLAB blahblah
118,HSfirst118,HSlast118,HS,HSschool118,17,High school students so excited to be at HLAB blahblah
119,HSfirst119,HSlast119,HS,HSschool119,17,High school students so excited to be at HLAB blahblah
120,HSfirst120,HSlast120,HS,HSschool120,17,High school students so excited to be at HLAB blahblah
121,HSfirst121,HSlast121,HS,HSschool121,17,High school students so excited to be at HLAB blahblah
122,HSfirst122,HSlast122,HS,HSschool122,17,High school students so excited to be at HLAB blahblah
123,HSfirst123,HSlast123,HS,HSschool123,17,High school students so excited to be at HLAB blahblah
124,HSfirst124,HSlast124,HS,HSschool124,17,High school students so excited to be at HLAB blahblah
125,HSfirst125,HSlast125,HS,HSschool125,17,High school students so excited to be at HLAB blahblah
126,HSfirst126,HSlast126,HS,HSschool126,17,High school students so excited to be at HLAB blahblah
127,HSfirst127,HSlast127,HS,HSschool127,17,High school students so excited to be at HLAB blahblah
128,HSfirst128,HSlast128,HS,HSschool128,17,High school students so excited to be at HLAB blahblah
129,HSfirst129,HSlast129,HS,HSschool129,17,High school students so excited to be at HLAB blahblah
130,HSfirst130,HSlast130,HS,HSschool130,17,High school students so excited to be at HLAB blahblah
131,HSfirst131,HSlast131,HS,HSschool131,17,High school students so excited to be at HLAB blahblah
132,HSfirst132,HSlast132,HS,HSschool132,17,High school students so excited to be at HLAB blahblah
133,HSfirst133,HSlast133,HS,HSschool133,17,High school students so excited to be at HLAB blahblah
134,HSfirst134,HSlast134,HS,HSschool134,17,High school students so excited to be at HLAB blahblah
135,HSfirst135,HSlast135,HS,HSschool135,17,High school students so excited to be at HLAB blahblah
136,HSfirst136,HSlast136,HS,HSschool136,17,High school students so excited to be at HLAB blahblah
137,HSfirst137,HSlast137,HS,HSschool137,17,High school students so excited to be at HLAB blahblah
138,HSfirst138,HSlast138,HS,HSschool138,17,High school students so excited to be at HLAB blahblah
139,HSfirst139,HSlast139,HS,HSschool139,17,High school students so excited to be at HLAB blahblah
